rowid,term,tf,ntf,idf,tfidf,ntfidf
3,according,1,0.0204081632653061,3.55534806148941,3.55534806148941,0.0725581237038656
3,better,1,0.0204081632653061,3.55534806148941,3.55534806148941,0.0725581237038656
3,bigger,1,0.0204081632653061,3.55534806148941,3.55534806148941,0.0725581237038656
3,business,1,0.0204081632653061,2.16905370036952,2.16905370036952,0.0442664020483576
3,companies,1,0.0204081632653061,3.55534806148941,3.55534806148941,0.0725581237038656
3,competitive,1,0.0204081632653061,3.55534806148941,3.55534806148941,0.0725581237038656
3,continues,1,0.0204081632653061,3.55534806148941,3.55534806148941,0.0725581237038656
3,cross,1,0.0204081632653061,3.55534806148941,3.55534806148941,0.0725581237038656
3,customer,1,0.0204081632653061,2.16905370036952,2.16905370036952,0.0442664020483576
3,data,5,0.102040816326531,0.722134717433197,3.61067358716599,0.073687216064612
3,decisions,1,0.0204081632653061,2.86220088092947,2.86220088092947,0.0584122628761116
3,departments,1,0.0204081632653061,3.55534806148941,3.55534806148941,0.0725581237038656
3,dependent,1,0.0204081632653061,3.55534806148941,3.55534806148941,0.0725581237038656
3,discover,1,0.0204081632653061,2.86220088092947,2.86220088092947,0.0584122628761116
3,driven,1,0.0204081632653061,3.55534806148941,3.55534806148941,0.0725581237038656
3,embrace,1,0.0204081632653061,3.55534806148941,3.55534806148941,0.0725581237038656
3,grow,1,0.0204081632653061,3.55534806148941,3.55534806148941,0.0725581237038656
3,improve,1,0.0204081632653061,2.86220088092947,2.86220088092947,0.0584122628761116
3,increasingly,1,0.0204081632653061,3.55534806148941,3.55534806148941,0.0725581237038656
3,influx,1,0.0204081632653061,3.55534806148941,3.55534806148941,0.0725581237038656
3,information,1,0.0204081632653061,2.86220088092947,2.86220088092947,0.0584122628761116
3,large,1,0.0204081632653061,2.86220088092947,2.86220088092947,0.0584122628761116
3,make,1,0.0204081632653061,2.86220088092947,2.86220088092947,0.0584122628761116
3,marketing,1,0.0204081632653061,3.55534806148941,3.55534806148941,0.0725581237038656
3,mind,1,0.0204081632653061,3.55534806148941,3.55534806148941,0.0725581237038656
3,new,1,0.0204081632653061,2.4567357728213,2.4567357728213,0.0501374647514552
3,opportunities,1,0.0204081632653061,2.86220088092947,2.86220088092947,0.0584122628761116
3,organizations,1,0.0204081632653061,3.55534806148941,3.55534806148941,0.0725581237038656
3,relationships,1,0.0204081632653061,2.86220088092947,2.86220088092947,0.0584122628761116
3,rely,1,0.0204081632653061,2.86220088092947,2.86220088092947,0.0584122628761116
3,sell,2,0.0408163265306122,3.55534806148941,7.11069612297883,0.145116247407731
3,set,1,0.0204081632653061,3.55534806148941,3.55534806148941,0.0725581237038656
3,sets,1,0.0204081632653061,3.55534806148941,3.55534806148941,0.0725581237038656
3,sizes,1,0.0204081632653061,3.55534806148941,3.55534806148941,0.0725581237038656
3,speeds,1,0.0204081632653061,3.55534806148941,3.55534806148941,0.0725581237038656
3,stay,1,0.0204081632653061,3.55534806148941,3.55534806148941,0.0725581237038656
3,types,1,0.0204081632653061,3.55534806148941,3.55534806148941,0.0725581237038656
3,unprecedented,1,0.0204081632653061,3.55534806148941,3.55534806148941,0.0725581237038656
4,believed,1,0.037037037037037,3.55534806148941,3.55534806148941,0.131679557832941
4,computational,1,0.037037037037037,3.55534806148941,3.55534806148941,0.131679557832941
4,considerable,1,0.037037037037037,3.55534806148941,3.55534806148941,0.131679557832941
4,costly,1,0.037037037037037,3.55534806148941,3.55534806148941,0.131679557832941
4,descent,1,0.037037037037037,3.55534806148941,3.55534806148941,0.131679557832941
4,firepower,1,0.037037037037037,3.55534806148941,3.55534806148941,0.131679557832941
4,gradient,1,0.037037037037037,3.55534806148941,3.55534806148941,0.131679557832941
4,local,1,0.037037037037037,3.55534806148941,3.55534806148941,0.131679557832941
4,minima,1,0.037037037037037,3.55534806148941,3.55534806148941,0.131679557832941
4,near,1,0.037037037037037,3.55534806148941,3.55534806148941,0.131679557832941
4,networks,2,0.0740740740740741,2.86220088092947,5.72440176185894,0.212014880068849
4,neural,2,0.0740740740740741,2.86220088092947,5.72440176185894,0.212014880068849
4,points,1,0.037037037037037,3.55534806148941,3.55534806148941,0.131679557832941
4,previously,1,0.037037037037037,3.55534806148941,3.55534806148941,0.131679557832941
4,require,1,0.037037037037037,3.55534806148941,3.55534806148941,0.131679557832941
4,researchers,1,0.037037037037037,3.55534806148941,3.55534806148941,0.131679557832941
4,saddle,1,0.037037037037037,3.55534806148941,3.55534806148941,0.131679557832941
4,slows,1,0.037037037037037,3.55534806148941,3.55534806148941,0.131679557832941
4,time,1,0.037037037037037,1.94591014905531,1.94591014905531,0.0720707462613079
4,train,2,0.0740740740740741,3.55534806148941,7.11069612297883,0.263359115665882
5,analytics,1,0.0333333333333333,3.55534806148941,3.55534806148941,0.118511602049647
5,arts,1,0.0333333333333333,3.55534806148941,3.55534806148941,0.118511602049647
5,bias,1,0.0333333333333333,3.55534806148941,3.55534806148941,0.118511602049647
5,citizen,1,0.0333333333333333,3.55534806148941,3.55534806148941,0.118511602049647
5,common,1,0.0333333333333333,2.86220088092947,2.86220088092947,0.0954066960309823
5,confirmation,1,0.0333333333333333,3.55534806148941,3.55534806148941,0.118511602049647
5,data,2,0.0666666666666667,0.722134717433197,1.44426943486639,0.0481423144955465
5,know,1,0.0333333333333333,2.16905370036952,2.16905370036952,0.0723017900123174
5,look,1,0.0333333333333333,2.4567357728213,2.4567357728213,0.0818911924273768
5,paradox,1,0.0333333333333333,3.55534806148941,3.55534806148941,0.118511602049647
5,practicing,1,0.0333333333333333,3.55534806148941,3.55534806148941,0.118511602049647
5,predictive,1,0.0333333333333333,2.86220088092947,2.86220088092947,0.0954066960309823
5,real,1,0.0333333333333333,3.55534806148941,3.55534806148941,0.118511602049647
5,risk,1,0.0333333333333333,3.55534806148941,3.55534806148941,0.118511602049647
5,s,1,0.0333333333333333,0.990398704027877,0.990398704027877,0.0330132901342626
5,scientist,1,0.0333333333333333,2.86220088092947,2.86220088092947,0.0954066960309823
5,seven,1,0.0333333333333333,3.55534806148941,3.55534806148941,0.118511602049647
5,simpson,1,0.0333333333333333,3.55534806148941,3.55534806148941,0.118511602049647
5,source,1,0.0333333333333333,3.55534806148941,3.55534806148941,0.118511602049647
5,sources,1,0.0333333333333333,2.86220088092947,2.86220088092947,0.0954066960309823
5,summary,1,0.0333333333333333,2.86220088092947,2.86220088092947,0.0954066960309823
5,time,1,0.0333333333333333,1.94591014905531,1.94591014905531,0.0648636716351771
7,check,1,0.111111111111111,3.55534806148941,3.55534806148941,0.395038673498824
7,communications,1,0.111111111111111,2.86220088092947,2.86220088092947,0.318022320103274
7,infographic,1,0.111111111111111,2.86220088092947,2.86220088092947,0.318022320103274
7,xo,2,0.222222222222222,2.86220088092947,5.72440176185894,0.636044640206548
7,year,1,0.111111111111111,3.55534806148941,3.55534806148941,0.395038673498824
7,zettabyte,1,0.111111111111111,3.55534806148941,3.55534806148941,0.395038673498824
8,blog,1,0.0294117647058824,2.4567357728213,2.4567357728213,0.0722569344947442
8,case,1,0.0294117647058824,3.55534806148941,3.55534806148941,0.104569060632042
8,cheapest,1,0.0294117647058824,3.55534806148941,3.55534806148941,0.104569060632042
8,data,3,0.0882352941176471,0.722134717433197,2.16640415229959,0.0637177691852821
8,determine,1,0.0294117647058824,3.55534806148941,3.55534806148941,0.104569060632042
8,dianes,1,0.0294117647058824,3.55534806148941,3.55534806148941,0.104569060632042
8,easiest,1,0.0294117647058824,3.55534806148941,3.55534806148941,0.104569060632042
8,effective,1,0.0294117647058824,3.55534806148941,3.55534806148941,0.104569060632042
8,end,1,0.0294117647058824,3.55534806148941,3.55534806148941,0.104569060632042
8,guest,1,0.0294117647058824,3.55534806148941,3.55534806148941,0.104569060632042
8,ideal,1,0.0294117647058824,3.55534806148941,3.55534806148941,0.104569060632042
8,jose,1,0.0294117647058824,3.55534806148941,3.55534806148941,0.104569060632042
8,model,2,0.0588235294117647,2.16905370036952,4.33810740073905,0.127591394139384
8,need,1,0.0294117647058824,2.86220088092947,2.86220088092947,0.0841823788508667
8,organisation,1,0.0294117647058824,3.55534806148941,3.55534806148941,0.104569060632042
8,particular,1,0.0294117647058824,3.55534806148941,3.55534806148941,0.104569060632042
8,problem,1,0.0294117647058824,2.4567357728213,2.4567357728213,0.0722569344947442
8,products,1,0.0294117647058824,2.86220088092947,2.86220088092947,0.0841823788508667
8,projects,1,0.0294117647058824,2.86220088092947,2.86220088092947,0.0841823788508667
8,purpose,1,0.0294117647058824,3.55534806148941,3.55534806148941,0.104569060632042
8,r,1,0.0294117647058824,2.4567357728213,2.4567357728213,0.0722569344947442
8,representation,1,0.0294117647058824,3.55534806148941,3.55534806148941,0.104569060632042
8,right,1,0.0294117647058824,3.55534806148941,3.55534806148941,0.104569060632042
8,science,2,0.0588235294117647,1.76358859226136,3.52717718452272,0.103740505427139
8,shared,1,0.0294117647058824,3.55534806148941,3.55534806148941,0.104569060632042
8,solve,1,0.0294117647058824,2.86220088092947,2.86220088092947,0.0841823788508667
8,used,1,0.0294117647058824,2.86220088092947,2.86220088092947,0.0841823788508667
8,way,1,0.0294117647058824,3.55534806148941,3.55534806148941,0.104569060632042
8,web,1,0.0294117647058824,3.55534806148941,3.55534806148941,0.104569060632042
9,adorning,1,0.0384615384615385,3.55534806148941,3.55534806148941,0.136744156211131
9,arranged,1,0.0384615384615385,3.55534806148941,3.55534806148941,0.136744156211131
9,circles,2,0.0769230769230769,3.55534806148941,7.11069612297883,0.273488312422263
9,claimed,1,0.0384615384615385,3.55534806148941,3.55534806148941,0.136744156211131
9,colourfully,1,0.0384615384615385,3.55534806148941,3.55534806148941,0.136744156211131
9,concentric,1,0.0384615384615385,3.55534806148941,3.55534806148941,0.136744156211131
9,customary,1,0.0384615384615385,3.55534806148941,3.55534806148941,0.136744156211131
9,dr,1,0.0384615384615385,2.86220088092947,2.86220088092947,0.110084649266518
9,embedded,1,0.0384615384615385,3.55534806148941,3.55534806148941,0.136744156211131
9,entrance,1,0.0384615384615385,3.55534806148941,3.55534806148941,0.136744156211131
9,expansion,1,0.0384615384615385,3.55534806148941,3.55534806148941,0.136744156211131
9,look,1,0.0384615384615385,2.4567357728213,2.4567357728213,0.094489837416204
9,office,1,0.0384615384615385,3.55534806148941,3.55534806148941,0.136744156211131
9,onam,2,0.0769230769230769,3.55534806148941,7.11069612297883,0.273488312422263
9,pookalam,2,0.0769230769230769,3.55534806148941,7.11069612297883,0.273488312422263
9,ram,1,0.0384615384615385,3.55534806148941,3.55534806148941,0.136744156211131
9,schematic,1,0.0384615384615385,3.55534806148941,3.55534806148941,0.136744156211131
9,series,1,0.0384615384615385,2.86220088092947,2.86220088092947,0.110084649266518
9,squares,1,0.0384615384615385,3.55534806148941,3.55534806148941,0.136744156211131
9,took,1,0.0384615384615385,2.86220088092947,2.86220088092947,0.110084649266518
9,triangles,1,0.0384615384615385,3.55534806148941,3.55534806148941,0.136744156211131
9,walked,1,0.0384615384615385,3.55534806148941,3.55534806148941,0.136744156211131
10,doing,1,0.05,3.55534806148941,3.55534806148941,0.177767403074471
10,google,2,0.1,1.94591014905531,3.89182029811063,0.194591014905531
10,hiring,1,0.05,3.55534806148941,3.55534806148941,0.177767403074471
10,i,1,0.05,1.47590651980958,1.47590651980958,0.0737953259904789
10,initially,1,0.05,3.55534806148941,3.55534806148941,0.177767403074471
10,intended,1,0.05,3.55534806148941,3.55534806148941,0.177767403074471
10,managers,1,0.05,3.55534806148941,3.55534806148941,0.177767403074471
10,microsoft,1,0.05,3.55534806148941,3.55534806148941,0.177767403074471
10,post,1,0.05,2.4567357728213,2.4567357728213,0.122836788641065
10,questions,2,0.1,2.86220088092947,5.72440176185894,0.286220088092947
10,recruiters,1,0.05,3.55534806148941,3.55534806148941,0.177767403074471
10,s,2,0.1,0.990398704027877,1.98079740805575,0.0990398704027877
10,search,1,0.05,2.4567357728213,2.4567357728213,0.122836788641065
10,selection,1,0.05,3.55534806148941,3.55534806148941,0.177767403074471
10,udacity,1,0.05,3.55534806148941,3.55534806148941,0.177767403074471
10,website,1,0.05,2.4567357728213,2.4567357728213,0.122836788641065
11,accomplish,1,0.032258064516129,3.55534806148941,3.55534806148941,0.11468864714482
11,aren,1,0.032258064516129,3.55534806148941,3.55534806148941,0.11468864714482
11,c,1,0.032258064516129,3.55534806148941,3.55534806148941,0.11468864714482
11,developers,1,0.032258064516129,3.55534806148941,3.55534806148941,0.11468864714482
11,drawn,1,0.032258064516129,3.55534806148941,3.55534806148941,0.11468864714482
11,ease,1,0.032258064516129,3.55534806148941,3.55534806148941,0.11468864714482
11,goals,2,0.0645161290322581,3.55534806148941,7.11069612297883,0.22937729428964
11,good,1,0.032258064516129,2.86220088092947,2.86220088092947,0.0923290606751441
11,haven,1,0.032258064516129,2.86220088092947,2.86220088092947,0.0923290606751441
11,i,1,0.032258064516129,1.47590651980958,1.47590651980958,0.0476098877357928
11,including,1,0.032258064516129,3.55534806148941,3.55534806148941,0.11468864714482
11,julia,1,0.032258064516129,2.86220088092947,2.86220088092947,0.0923290606751441
11,language,1,0.032258064516129,2.86220088092947,2.86220088092947,0.0923290606751441
11,lofty,1,0.032258064516129,3.55534806148941,3.55534806148941,0.11468864714482
11,looked,1,0.032258064516129,3.55534806148941,3.55534806148941,0.11468864714482
11,packages,1,0.032258064516129,3.55534806148941,3.55534806148941,0.11468864714482
11,people,1,0.032258064516129,3.55534806148941,3.55534806148941,0.11468864714482
11,python,1,0.032258064516129,3.55534806148941,3.55534806148941,0.11468864714482
11,r,1,0.032258064516129,2.4567357728213,2.4567357728213,0.0792495410587517
11,say,1,0.032258064516129,3.55534806148941,3.55534806148941,0.11468864714482
11,seen,1,0.032258064516129,3.55534806148941,3.55534806148941,0.11468864714482
11,sounds,1,0.032258064516129,3.55534806148941,3.55534806148941,0.11468864714482
11,speed,1,0.032258064516129,2.86220088092947,2.86220088092947,0.0923290606751441
11,statistical,1,0.032258064516129,3.55534806148941,3.55534806148941,0.11468864714482
11,t,2,0.0645161290322581,1.94591014905531,3.89182029811063,0.125542590261633
11,track,1,0.032258064516129,3.55534806148941,3.55534806148941,0.11468864714482
11,true,1,0.032258064516129,3.55534806148941,3.55534806148941,0.11468864714482
12,access,1,0.0333333333333333,3.55534806148941,3.55534806148941,0.118511602049647
12,architects,1,0.0333333333333333,3.55534806148941,3.55534806148941,0.118511602049647
12,dad,2,0.0666666666666667,3.55534806148941,7.11069612297883,0.237023204099294
12,data,7,0.233333333333333,0.722134717433197,5.05494302203238,0.168498100734413
12,dba,1,0.0333333333333333,3.55534806148941,3.55534806148941,0.118511602049647
12,differences,1,0.0333333333333333,3.55534806148941,3.55534806148941,0.118511602049647
12,discover,1,0.0333333333333333,2.86220088092947,2.86220088092947,0.0954066960309823
12,distill,1,0.0333333333333333,3.55534806148941,3.55534806148941,0.118511602049647
12,engineering,1,0.0333333333333333,2.86220088092947,2.86220088092947,0.0954066960309823
12,engineers,2,0.0666666666666667,3.55534806148941,7.11069612297883,0.237023204099294
12,etl,2,0.0666666666666667,3.55534806148941,7.11069612297883,0.237023204099294
12,extract,1,0.0333333333333333,3.55534806148941,3.55534806148941,0.118511602049647
12,load,1,0.0333333333333333,3.55534806148941,3.55534806148941,0.118511602049647
12,main,1,0.0333333333333333,3.55534806148941,3.55534806148941,0.118511602049647
12,s,2,0.0666666666666667,0.990398704027877,1.98079740805575,0.0660265802685251
12,science,1,0.0333333333333333,1.76358859226136,1.76358859226136,0.058786286408712
12,scientists,2,0.0666666666666667,2.16905370036952,4.33810740073905,0.144603580024635
12,transform,1,0.0333333333333333,3.55534806148941,3.55534806148941,0.118511602049647
13,data,1,0.0526315789473684,0.722134717433197,0.722134717433197,0.0380070903912209
13,don,1,0.0526315789473684,3.55534806148941,3.55534806148941,0.187123582183653
13,exploration,1,0.0526315789473684,3.55534806148941,3.55534806148941,0.187123582183653
13,explore,1,0.0526315789473684,2.86220088092947,2.86220088092947,0.150642151627867
13,finally,1,0.0526315789473684,3.55534806148941,3.55534806148941,0.187123582183653
13,google,1,0.0526315789473684,1.94591014905531,1.94591014905531,0.10241632363449
13,know,1,0.0526315789473684,2.16905370036952,2.16905370036952,0.11416072107208
13,look,1,0.0526315789473684,2.4567357728213,2.4567357728213,0.129301882780069
13,maybe,1,0.0526315789473684,2.86220088092947,2.86220088092947,0.150642151627867
13,neat,1,0.0526315789473684,3.55534806148941,3.55534806148941,0.187123582183653
13,problem,1,0.0526315789473684,2.4567357728213,2.4567357728213,0.129301882780069
13,s,2,0.105263157894737,0.990398704027877,1.98079740805575,0.104252495160829
13,single,1,0.0526315789473684,3.55534806148941,3.55534806148941,0.187123582183653
13,spreadsheet,1,0.0526315789473684,3.55534806148941,3.55534806148941,0.187123582183653
13,t,1,0.0526315789473684,1.94591014905531,1.94591014905531,0.10241632363449
13,tags,1,0.0526315789473684,2.4567357728213,2.4567357728213,0.129301882780069
13,tidy,1,0.0526315789473684,3.55534806148941,3.55534806148941,0.187123582183653
13,time,1,0.0526315789473684,1.94591014905531,1.94591014905531,0.10241632363449
14,data,1,0.25,0.722134717433197,0.722134717433197,0.180533679358299
14,linkedin,1,0.25,3.55534806148941,3.55534806148941,0.888837015372353
14,scientists,1,0.25,2.16905370036952,2.16905370036952,0.542263425092381
14,skills,1,0.25,3.55534806148941,3.55534806148941,0.888837015372353
15,academics,1,0.027027027027027,3.55534806148941,3.55534806148941,0.0960904881483625
15,authors,1,0.027027027027027,3.55534806148941,3.55534806148941,0.0960904881483625
15,available,2,0.0540540540540541,3.55534806148941,7.11069612297883,0.192180976296725
15,book,1,0.027027027027027,2.86220088092947,2.86220088092947,0.0773567805656613
15,books,2,0.0540540540540541,3.55534806148941,7.11069612297883,0.192180976296725
15,checked,1,0.027027027027027,3.55534806148941,3.55534806148941,0.0960904881483625
15,compilation,1,0.027027027027027,3.55534806148941,3.55534806148941,0.0960904881483625
15,data,1,0.027027027027027,0.722134717433197,0.722134717433197,0.0195171545252216
15,display,1,0.027027027027027,3.55534806148941,3.55534806148941,0.0960904881483625
15,flavor,1,0.027027027027027,3.55534806148941,3.55534806148941,0.0960904881483625
15,free,1,0.027027027027027,3.55534806148941,3.55534806148941,0.0960904881483625
15,freely,1,0.027027027027027,3.55534806148941,3.55534806148941,0.0960904881483625
15,haven,1,0.027027027027027,2.86220088092947,2.86220088092947,0.0773567805656613
15,i,1,0.027027027027027,1.47590651980958,1.47590651980958,0.0398893654002589
15,interesting,1,0.027027027027027,2.86220088092947,2.86220088092947,0.0773567805656613
15,issue,1,0.027027027027027,3.55534806148941,3.55534806148941,0.0960904881483625
15,know,1,0.027027027027027,2.16905370036952,2.16905370036952,0.0586230729829601
15,learning,2,0.0540540540540541,2.86220088092947,5.72440176185894,0.154713561131323
15,legit,1,0.027027027027027,3.55534806148941,3.55534806148941,0.0960904881483625
15,let,1,0.027027027027027,2.86220088092947,2.86220088092947,0.0773567805656613
15,machine,2,0.0540540540540541,2.86220088092947,5.72440176185894,0.154713561131323
15,making,1,0.027027027027027,3.55534806148941,3.55534806148941,0.0960904881483625
15,maybe,1,0.027027027027027,2.86220088092947,2.86220088092947,0.0773567805656613
15,o,1,0.027027027027027,3.55534806148941,3.55534806148941,0.0960904881483625
15,prone,1,0.027027027027027,3.55534806148941,3.55534806148941,0.0960904881483625
15,published,1,0.027027027027027,3.55534806148941,3.55534806148941,0.0960904881483625
15,reilly,1,0.027027027027027,3.55534806148941,3.55534806148941,0.0960904881483625
15,relevant,1,0.027027027027027,3.55534806148941,3.55534806148941,0.0960904881483625
15,science,1,0.027027027027027,1.76358859226136,1.76358859226136,0.0476645565476043
15,sources,1,0.027027027027027,2.86220088092947,2.86220088092947,0.0773567805656613
15,strong,1,0.027027027027027,3.55534806148941,3.55534806148941,0.0960904881483625
15,t,1,0.027027027027027,1.94591014905531,1.94591014905531,0.0525921661906841
15,usually,1,0.027027027027027,3.55534806148941,3.55534806148941,0.0960904881483625
16,math,1,0.142857142857143,3.55534806148941,3.55534806148941,0.507906865927059
16,pascal,1,0.142857142857143,3.55534806148941,3.55534806148941,0.507906865927059
16,revealed,1,0.142857142857143,3.55534806148941,3.55534806148941,0.507906865927059
16,s,1,0.142857142857143,0.990398704027877,0.990398704027877,0.14148552914684
16,secrets,1,0.142857142857143,3.55534806148941,3.55534806148941,0.507906865927059
16,tags,1,0.142857142857143,2.4567357728213,2.4567357728213,0.350962253260186
16,triangle,1,0.142857142857143,3.55534806148941,3.55534806148941,0.507906865927059
17,agree,1,0.0357142857142857,3.55534806148941,3.55534806148941,0.126976716481765
17,air,1,0.0357142857142857,3.55534806148941,3.55534806148941,0.126976716481765
17,art,3,0.107142857142857,3.55534806148941,10.6660441844682,0.380930149445294
17,build,1,0.0357142857142857,2.86220088092947,2.86220088092947,0.102221460033195
17,called,1,0.0357142857142857,2.86220088092947,2.86220088092947,0.102221460033195
17,data,1,0.0357142857142857,0.722134717433197,0.722134717433197,0.0257905256226142
17,describes,1,0.0357142857142857,3.55534806148941,3.55534806148941,0.126976716481765
17,describing,1,0.0357142857142857,3.55534806148941,3.55534806148941,0.126976716481765
17,engineering,1,0.0357142857142857,2.86220088092947,2.86220088092947,0.102221460033195
17,expands,1,0.0357142857142857,3.55534806148941,3.55534806148941,0.126976716481765
17,feature,1,0.0357142857142857,3.55534806148941,3.55534806148941,0.126976716481765
17,given,1,0.0357142857142857,2.86220088092947,2.86220088092947,0.102221460033195
17,little,1,0.0357142857142857,3.55534806148941,3.55534806148941,0.126976716481765
17,model,1,0.0357142857142857,2.16905370036952,2.16905370036952,0.0774662035846258
17,modeling,2,0.0714285714285714,3.55534806148941,7.11069612297883,0.25395343296353
17,number,1,0.0357142857142857,2.86220088092947,2.86220088092947,0.102221460033195
17,piece,1,0.0357142857142857,3.55534806148941,3.55534806148941,0.126976716481765
17,post,1,0.0357142857142857,2.4567357728213,2.4567357728213,0.0877405633150466
17,predictive,1,0.0357142857142857,2.86220088092947,2.86220088092947,0.102221460033195
17,relatively,1,0.0357142857142857,3.55534806148941,3.55534806148941,0.126976716481765
17,science,1,0.0357142857142857,1.76358859226136,1.76358859226136,0.0629853068664771
17,scientists,1,0.0357142857142857,2.16905370036952,2.16905370036952,0.0774662035846258
17,statisticians,1,0.0357142857142857,3.55534806148941,3.55534806148941,0.126976716481765
17,time,1,0.0357142857142857,1.94591014905531,1.94591014905531,0.0694967910376898
17,variables,1,0.0357142857142857,2.86220088092947,2.86220088092947,0.102221460033195
18,big,1,0.0625,2.16905370036952,2.16905370036952,0.135565856273095
18,common,1,0.0625,2.86220088092947,2.86220088092947,0.178887555058092
18,create,1,0.0625,3.55534806148941,3.55534806148941,0.222209253843088
18,data,1,0.0625,0.722134717433197,0.722134717433197,0.0451334198395748
18,development,1,0.0625,3.55534806148941,3.55534806148941,0.222209253843088
18,internet,1,0.0625,2.86220088092947,2.86220088092947,0.178887555058092
18,july,1,0.0625,3.55534806148941,3.55534806148941,0.222209253843088
18,nist,1,0.0625,3.55534806148941,3.55534806148941,0.222209253843088
18,roadmap,1,0.0625,3.55534806148941,3.55534806148941,0.222209253843088
18,summary,1,0.0625,2.86220088092947,2.86220088092947,0.178887555058092
18,technology,1,0.0625,3.55534806148941,3.55534806148941,0.222209253843088
18,things,1,0.0625,3.55534806148941,3.55534806148941,0.222209253843088
18,vocabulary,1,0.0625,3.55534806148941,3.55534806148941,0.222209253843088
18,volume,1,0.0625,3.55534806148941,3.55534806148941,0.222209253843088
18,weighs,1,0.0625,3.55534806148941,3.55534806148941,0.222209253843088
18,wrote,1,0.0625,3.55534806148941,3.55534806148941,0.222209253843088
19,big,3,0.0697674418604651,2.16905370036952,6.50716110110857,0.151329327932757
19,biggest,1,0.0232558139534884,3.55534806148941,3.55534806148941,0.0826825130578933
19,challenges,2,0.0465116279069767,3.55534806148941,7.11069612297883,0.165365026115787
19,customer,1,0.0232558139534884,2.16905370036952,2.16905370036952,0.0504431093109191
19,customers,1,0.0232558139534884,3.55534806148941,3.55534806148941,0.0826825130578933
19,data,3,0.0697674418604651,0.722134717433197,2.16640415229959,0.050381491913944
19,efficiency,1,0.0232558139534884,3.55534806148941,3.55534806148941,0.0826825130578933
19,entertainment,1,0.0232558139534884,3.55534806148941,3.55534806148941,0.0826825130578933
19,financial,1,0.0232558139534884,3.55534806148941,3.55534806148941,0.0826825130578933
19,fraud,1,0.0232558139534884,3.55534806148941,3.55534806148941,0.0826825130578933
19,government,1,0.0232558139534884,3.55534806148941,3.55534806148941,0.0826825130578933
19,harness,1,0.0232558139534884,3.55534806148941,3.55534806148941,0.0826825130578933
19,healthcare,1,0.0232558139534884,3.55534806148941,3.55534806148941,0.0826825130578933
19,help,1,0.0232558139534884,2.4567357728213,2.4567357728213,0.0571333900656117
19,improve,1,0.0232558139534884,2.86220088092947,2.86220088092947,0.0665628111844062
19,increase,1,0.0232558139534884,3.55534806148941,3.55534806148941,0.0826825130578933
19,industry,1,0.0232558139534884,2.4567357728213,2.4567357728213,0.0571333900656117
19,informatica,1,0.0232558139534884,3.55534806148941,3.55534806148941,0.0826825130578933
19,insurance,1,0.0232558139534884,3.55534806148941,3.55534806148941,0.0826825130578933
19,loyalty,1,0.0232558139534884,3.55534806148941,3.55534806148941,0.0826825130578933
19,manufacturing,1,0.0232558139534884,3.55534806148941,3.55534806148941,0.0826825130578933
19,media,1,0.0232558139534884,2.86220088092947,2.86220088092947,0.0665628111844062
19,operational,1,0.0232558139534884,3.55534806148941,3.55534806148941,0.0826825130578933
19,overcome,1,0.0232558139534884,3.55534806148941,3.55534806148941,0.0826825130578933
19,pilot,1,0.0232558139534884,3.55534806148941,3.55534806148941,0.0826825130578933
19,production,1,0.0232558139534884,3.55534806148941,3.55534806148941,0.0826825130578933
19,projects,1,0.0232558139534884,2.86220088092947,2.86220088092947,0.0665628111844062
19,reduce,1,0.0232558139534884,3.55534806148941,3.55534806148941,0.0826825130578933
19,retail,1,0.0232558139534884,3.55534806148941,3.55534806148941,0.0826825130578933
19,s,1,0.0232558139534884,0.990398704027877,0.990398704027877,0.0230325280006483
19,services,2,0.0465116279069767,2.86220088092947,5.72440176185894,0.133125622368812
19,solve,1,0.0232558139534884,2.86220088092947,2.86220088092947,0.0665628111844062
19,taking,1,0.0232558139534884,3.55534806148941,3.55534806148941,0.0826825130578933
19,trying,1,0.0232558139534884,3.55534806148941,3.55534806148941,0.0826825130578933
19,using,1,0.0232558139534884,2.86220088092947,2.86220088092947,0.0665628111844062
19,want,1,0.0232558139534884,3.55534806148941,3.55534806148941,0.0826825130578933
19,working,1,0.0232558139534884,3.55534806148941,3.55534806148941,0.0826825130578933
20,approximately,1,0.0227272727272727,3.55534806148941,3.55534806148941,0.0808033650338503
20,apps,1,0.0227272727272727,3.55534806148941,3.55534806148941,0.0808033650338503
20,billion,1,0.0227272727272727,3.55534806148941,3.55534806148941,0.0808033650338503
20,cards,1,0.0227272727272727,3.55534806148941,3.55534806148941,0.0808033650338503
20,communicate,1,0.0227272727272727,3.55534806148941,3.55534806148941,0.0808033650338503
20,connected,1,0.0227272727272727,3.55534806148941,3.55534806148941,0.0808033650338503
20,connection,1,0.0227272727272727,3.55534806148941,3.55534806148941,0.0808033650338503
20,data,2,0.0454545454545455,0.722134717433197,1.44426943486639,0.0328243053378726
20,days,1,0.0227272727272727,2.86220088092947,2.86220088092947,0.0650500200211243
20,demand,1,0.0227272727272727,3.55534806148941,3.55534806148941,0.0808033650338503
20,going,1,0.0227272727272727,3.55534806148941,3.55534806148941,0.0808033650338503
20,growing,1,0.0227272727272727,3.55534806148941,3.55534806148941,0.0808033650338503
20,grown,1,0.0227272727272727,3.55534806148941,3.55534806148941,0.0808033650338503
20,hundreds,1,0.0227272727272727,3.55534806148941,3.55534806148941,0.0808033650338503
20,incredible,1,0.0227272727272727,3.55534806148941,3.55534806148941,0.0808033650338503
20,information,1,0.0227272727272727,2.86220088092947,2.86220088092947,0.0650500200211243
20,integrated,1,0.0227272727272727,3.55534806148941,3.55534806148941,0.0808033650338503
20,internet,3,0.0681818181818182,2.86220088092947,8.58660264278841,0.195150060063373
20,laptops,1,0.0227272727272727,3.55534806148941,3.55534806148941,0.0808033650338503
20,live,1,0.0227272727272727,3.55534806148941,3.55534806148941,0.0808033650338503
20,mb,1,0.0227272727272727,3.55534806148941,3.55534806148941,0.0808033650338503
20,megabytes,1,0.0227272727272727,3.55534806148941,3.55534806148941,0.0808033650338503
20,mobile,2,0.0454545454545455,3.55534806148941,7.11069612297883,0.161606730067701
20,nowadays,1,0.0227272727272727,3.55534806148941,3.55534806148941,0.0808033650338503
20,phones,1,0.0227272727272727,3.55534806148941,3.55534806148941,0.0808033650338503
20,s,1,0.0227272727272727,0.990398704027877,0.990398704027877,0.022509061455179
20,search,1,0.0227272727272727,2.4567357728213,2.4567357728213,0.0558349039277569
20,services,1,0.0227272727272727,2.86220088092947,2.86220088092947,0.0650500200211243
20,spend,1,0.0227272727272727,3.55534806148941,3.55534806148941,0.0808033650338503
20,t,1,0.0227272727272727,1.94591014905531,1.94591014905531,0.044225230660348
20,tablets,1,0.0227272727272727,3.55534806148941,3.55534806148941,0.0808033650338503
20,traveled,1,0.0227272727272727,3.55534806148941,3.55534806148941,0.0808033650338503
20,u,1,0.0227272727272727,3.55534806148941,3.55534806148941,0.0808033650338503
20,use,2,0.0454545454545455,3.55534806148941,7.11069612297883,0.161606730067701
20,using,1,0.0227272727272727,2.86220088092947,2.86220088092947,0.0650500200211243
20,websites,1,0.0227272727272727,3.55534806148941,3.55534806148941,0.0808033650338503
20,wireless,3,0.0681818181818182,3.55534806148941,10.6660441844682,0.242410095101551
21,algorithm,3,0.0681818181818182,3.55534806148941,10.6660441844682,0.242410095101551
21,author,1,0.0227272727272727,3.55534806148941,3.55534806148941,0.0808033650338503
21,book,2,0.0454545454545455,2.86220088092947,5.72440176185894,0.130100040042249
21,computer,1,0.0227272727272727,3.55534806148941,3.55534806148941,0.0808033650338503
21,continue,1,0.0227272727272727,2.86220088092947,2.86220088092947,0.0650500200211243
21,domingos,3,0.0681818181818182,3.55534806148941,10.6660441844682,0.242410095101551
21,dr,1,0.0227272727272727,2.86220088092947,2.86220088092947,0.0650500200211243
21,expert,1,0.0227272727272727,2.86220088092947,2.86220088092947,0.0650500200211243
21,fantastic,1,0.0227272727272727,3.55534806148941,3.55534806148941,0.0808033650338503
21,fears,1,0.0227272727272727,3.55534806148941,3.55534806148941,0.0808033650338503
21,general,1,0.0227272727272727,3.55534806148941,3.55534806148941,0.0808033650338503
21,got,1,0.0227272727272727,3.55534806148941,3.55534806148941,0.0808033650338503
21,i,1,0.0227272727272727,1.47590651980958,1.47590651980958,0.0335433299956722
21,interview,1,0.0227272727272727,3.55534806148941,3.55534806148941,0.0808033650338503
21,learn,1,0.0227272727272727,3.55534806148941,3.55534806148941,0.0808033650338503
21,learning,3,0.0681818181818182,2.86220088092947,8.58660264278841,0.195150060063373
21,machine,3,0.0681818181818182,2.86220088092947,8.58660264278841,0.195150060063373
21,master,2,0.0454545454545455,3.55534806148941,7.11069612297883,0.161606730067701
21,new,2,0.0454545454545455,2.4567357728213,4.91347154564261,0.111669807855514
21,opportunity,1,0.0227272727272727,3.55534806148941,3.55534806148941,0.0808033650338503
21,pedro,2,0.0454545454545455,3.55534806148941,7.11069612297883,0.161606730067701
21,professor,1,0.0227272727272727,3.55534806148941,3.55534806148941,0.0808033650338503
21,reading,1,0.0227272727272727,2.86220088092947,2.86220088092947,0.0650500200211243
21,recently,1,0.0227272727272727,2.16905370036952,2.16905370036952,0.0492966750083983
21,releasing,1,0.0227272727272727,3.55534806148941,3.55534806148941,0.0808033650338503
21,science,1,0.0227272727272727,1.76358859226136,1.76358859226136,0.0400815589150309
21,sept,1,0.0227272727272727,3.55534806148941,3.55534806148941,0.0808033650338503
21,thoughts,1,0.0227272727272727,3.55534806148941,3.55534806148941,0.0808033650338503
21,today,1,0.0227272727272727,2.86220088092947,2.86220088092947,0.0650500200211243
21,university,1,0.0227272727272727,2.86220088092947,2.86220088092947,0.0650500200211243
21,visit,1,0.0227272727272727,3.55534806148941,3.55534806148941,0.0808033650338503
21,washington,1,0.0227272727272727,3.55534806148941,3.55534806148941,0.0808033650338503
22,1700s,1,0.0666666666666667,3.55534806148941,3.55534806148941,0.237023204099294
22,area,1,0.0666666666666667,3.55534806148941,3.55534806148941,0.237023204099294
22,chart,1,0.0666666666666667,3.55534806148941,3.55534806148941,0.237023204099294
22,compare,1,0.0666666666666667,3.55534806148941,3.55534806148941,0.237023204099294
22,hybrid,1,0.0666666666666667,3.55534806148941,3.55534806148941,0.237023204099294
22,line,1,0.0666666666666667,3.55534806148941,3.55534806148941,0.237023204099294
22,originated,1,0.0666666666666667,3.55534806148941,3.55534806148941,0.237023204099294
22,quickly,1,0.0666666666666667,3.55534806148941,3.55534806148941,0.237023204099294
22,r,1,0.0666666666666667,2.4567357728213,2.4567357728213,0.163782384854754
22,series,2,0.133333333333333,2.86220088092947,5.72440176185894,0.381626784123929
22,tags,1,0.0666666666666667,2.4567357728213,2.4567357728213,0.163782384854754
22,time,2,0.133333333333333,1.94591014905531,3.89182029811063,0.259454686540708
22,variables,1,0.0666666666666667,2.86220088092947,2.86220088092947,0.190813392061965
23,communications,2,0.222222222222222,2.86220088092947,5.72440176185894,0.636044640206548
23,created,1,0.111111111111111,3.55534806148941,3.55534806148941,0.395038673498824
23,enterprise,1,0.111111111111111,3.55534806148941,3.55534806148941,0.395038673498824
23,infographic,1,0.111111111111111,2.86220088092947,2.86220088092947,0.318022320103274
23,recently,1,0.111111111111111,2.16905370036952,2.16905370036952,0.241005966707725
23,state,1,0.111111111111111,3.55534806148941,3.55534806148941,0.395038673498824
23,unified,1,0.111111111111111,3.55534806148941,3.55534806148941,0.395038673498824
23,xo,1,0.111111111111111,2.86220088092947,2.86220088092947,0.318022320103274
24,article,1,0.0625,3.55534806148941,3.55534806148941,0.222209253843088
24,data,1,0.0625,0.722134717433197,0.722134717433197,0.0451334198395748
24,decision,1,0.0625,3.55534806148941,3.55534806148941,0.222209253843088
24,deepinder,1,0.0625,3.55534806148941,3.55534806148941,0.222209253843088
24,dhingra,1,0.0625,3.55534806148941,3.55534806148941,0.222209253843088
24,head,1,0.0625,3.55534806148941,3.55534806148941,0.222209253843088
24,interesting,1,0.0625,2.86220088092947,2.86220088092947,0.178887555058092
24,mu,1,0.0625,3.55534806148941,3.55534806148941,0.222209253843088
24,products,1,0.0625,2.86220088092947,2.86220088092947,0.178887555058092
24,question,1,0.0625,3.55534806148941,3.55534806148941,0.222209253843088
24,raised,1,0.0625,3.55534806148941,3.55534806148941,0.222209253843088
24,recently,1,0.0625,2.16905370036952,2.16905370036952,0.135565856273095
24,scientist,2,0.125,2.86220088092947,5.72440176185894,0.357775110116184
24,sigma,1,0.0625,3.55534806148941,3.55534806148941,0.222209253843088
24,strategy,1,0.0625,3.55534806148941,3.55534806148941,0.222209253843088
25,5x,1,0.0526315789473684,3.55534806148941,3.55534806148941,0.187123582183653
25,amp,1,0.0526315789473684,2.86220088092947,2.86220088092947,0.150642151627867
25,blog,1,0.0526315789473684,2.4567357728213,2.4567357728213,0.129301882780069
25,customer,1,0.0526315789473684,2.16905370036952,2.16905370036952,0.11416072107208
25,data,2,0.105263157894737,0.722134717433197,1.44426943486639,0.0760141807824418
25,drives,1,0.0526315789473684,3.55534806148941,3.55534806148941,0.187123582183653
25,new,1,0.0526315789473684,2.4567357728213,2.4567357728213,0.129301882780069
25,opens,1,0.0526315789473684,3.55534806148941,3.55534806148941,0.187123582183653
25,opportunities,1,0.0526315789473684,2.86220088092947,2.86220088092947,0.150642151627867
25,originally,1,0.0526315789473684,2.86220088092947,2.86220088092947,0.150642151627867
25,posted,1,0.0526315789473684,2.86220088092947,2.86220088092947,0.150642151627867
25,revenue,1,0.0526315789473684,3.55534806148941,3.55534806148941,0.187123582183653
25,roi,1,0.0526315789473684,3.55534806148941,3.55534806148941,0.187123582183653
25,sales,1,0.0526315789473684,3.55534806148941,3.55534806148941,0.187123582183653
25,season,1,0.0526315789473684,3.55534806148941,3.55534806148941,0.187123582183653
25,ticket,1,0.0526315789473684,3.55534806148941,3.55534806148941,0.187123582183653
25,truth,1,0.0526315789473684,3.55534806148941,3.55534806148941,0.187123582183653
25,week,1,0.0526315789473684,2.4567357728213,2.4567357728213,0.129301882780069
26,basic,1,0.027027027027027,3.55534806148941,3.55534806148941,0.0960904881483625
26,blog,1,0.027027027027027,2.4567357728213,2.4567357728213,0.0663982641303055
26,build,1,0.027027027027027,2.86220088092947,2.86220088092947,0.0773567805656613
26,come,1,0.027027027027027,3.55534806148941,3.55534806148941,0.0960904881483625
26,day,2,0.0540540540540541,2.86220088092947,5.72440176185894,0.154713561131323
26,engine,2,0.0540540540540541,3.55534806148941,7.11069612297883,0.192180976296725
26,engines,1,0.027027027027027,3.55534806148941,3.55534806148941,0.0960904881483625
26,explain,1,0.027027027027027,3.55534806148941,3.55534806148941,0.0960904881483625
26,facebook,1,0.027027027027027,3.55534806148941,3.55534806148941,0.0960904881483625
26,friends,1,0.027027027027027,3.55534806148941,3.55534806148941,0.0960904881483625
26,i,1,0.027027027027027,1.47590651980958,1.47590651980958,0.0398893654002589
26,large,1,0.027027027027027,2.86220088092947,2.86220088092947,0.0773567805656613
26,life,1,0.027027027027027,3.55534806148941,3.55534806148941,0.0960904881483625
26,like,2,0.0540540540540541,2.86220088092947,5.72440176185894,0.154713561131323
26,number,1,0.027027027027027,2.86220088092947,2.86220088092947,0.0773567805656613
26,originally,1,0.027027027027027,2.86220088092947,2.86220088092947,0.0773567805656613
26,pages,1,0.027027027027027,3.55534806148941,3.55534806148941,0.0960904881483625
26,post,1,0.027027027027027,2.4567357728213,2.4567357728213,0.0663982641303055
26,posted,1,0.027027027027027,2.86220088092947,2.86220088092947,0.0773567805656613
26,preferences,1,0.027027027027027,3.55534806148941,3.55534806148941,0.0960904881483625
26,previous,1,0.027027027027027,2.86220088092947,2.86220088092947,0.0773567805656613
26,recommendation,3,0.0810810810810811,3.55534806148941,10.6660441844682,0.288271464445088
26,s,1,0.027027027027027,0.990398704027877,0.990398704027877,0.026767532541294
26,searches,1,0.027027027027027,3.55534806148941,3.55534806148941,0.0960904881483625
26,similar,2,0.0540540540540541,3.55534806148941,7.11069612297883,0.192180976296725
26,suggesting,1,0.027027027027027,3.55534806148941,3.55534806148941,0.0960904881483625
26,suggestions,2,0.0540540540540541,3.55534806148941,7.11069612297883,0.192180976296725
26,today,1,0.027027027027027,2.86220088092947,2.86220088092947,0.0773567805656613
26,videos,1,0.027027027027027,3.55534806148941,3.55534806148941,0.0960904881483625
26,youtube,1,0.027027027027027,3.55534806148941,3.55534806148941,0.0960904881483625
27,ainl,1,0.05,3.55534806148941,3.55534806148941,0.177767403074471
27,answer,1,0.05,3.55534806148941,3.55534806148941,0.177767403074471
27,attending,1,0.05,3.55534806148941,3.55534806148941,0.177767403074471
27,conference,1,0.05,3.55534806148941,3.55534806148941,0.177767403074471
27,cool,1,0.05,3.55534806148941,3.55534806148941,0.177767403074471
27,definitely,1,0.05,3.55534806148941,3.55534806148941,0.177767403074471
27,fruct,1,0.05,3.55534806148941,3.55534806148941,0.177767403074471
27,google,1,0.05,1.94591014905531,1.94591014905531,0.0972955074527657
27,i,3,0.15,1.47590651980958,4.42771955942873,0.221385977971437
27,ismw,1,0.05,3.55534806148941,3.55534806148941,0.177767403074471
27,open,1,0.05,3.55534806148941,3.55534806148941,0.177767403074471
27,provoke,1,0.05,3.55534806148941,3.55534806148941,0.177767403074471
27,questions,1,0.05,2.86220088092947,2.86220088092947,0.143110044046473
27,recently,1,0.05,2.16905370036952,2.16905370036952,0.108452685018476
27,sourced,1,0.05,3.55534806148941,3.55534806148941,0.177767403074471
27,tensorflow,2,0.1,3.55534806148941,7.11069612297883,0.355534806148941
27,try,1,0.05,3.55534806148941,3.55534806148941,0.177767403074471
28,assume,1,0.032258064516129,3.55534806148941,3.55534806148941,0.11468864714482
28,bounce,2,0.0645161290322581,3.55534806148941,7.11069612297883,0.22937729428964
28,campaigns,1,0.032258064516129,3.55534806148941,3.55534806148941,0.11468864714482
28,consider,1,0.032258064516129,3.55534806148941,3.55534806148941,0.11468864714482
28,content,1,0.032258064516129,2.86220088092947,2.86220088092947,0.0923290606751441
28,earned,1,0.032258064516129,3.55534806148941,3.55534806148941,0.11468864714482
28,engagement,1,0.032258064516129,3.55534806148941,3.55534806148941,0.11468864714482
28,google,1,0.032258064516129,1.94591014905531,1.94591014905531,0.0627712951308166
28,health,1,0.032258064516129,3.55534806148941,3.55534806148941,0.11468864714482
28,importance,1,0.032258064516129,2.86220088092947,2.86220088092947,0.0923290606751441
28,important,1,0.032258064516129,2.4567357728213,2.4567357728213,0.0792495410587517
28,increasing,2,0.0645161290322581,3.55534806148941,7.11069612297883,0.22937729428964
28,industry,1,0.032258064516129,2.4567357728213,2.4567357728213,0.0792495410587517
28,invest,1,0.032258064516129,3.55534806148941,3.55534806148941,0.11468864714482
28,let,1,0.032258064516129,2.86220088092947,2.86220088092947,0.0923290606751441
28,media,1,0.032258064516129,2.86220088092947,2.86220088092947,0.0923290606751441
28,monthly,1,0.032258064516129,3.55534806148941,3.55534806148941,0.11468864714482
28,numbers,1,0.032258064516129,3.55534806148941,3.55534806148941,0.11468864714482
28,paid,1,0.032258064516129,2.86220088092947,2.86220088092947,0.0923290606751441
28,rate,2,0.0645161290322581,3.55534806148941,7.11069612297883,0.22937729428964
28,s,1,0.032258064516129,0.990398704027877,0.990398704027877,0.0319483452912218
28,site,2,0.0645161290322581,2.86220088092947,5.72440176185894,0.184658121350288
28,social,1,0.032258064516129,3.55534806148941,3.55534806148941,0.11468864714482
28,told,1,0.032258064516129,3.55534806148941,3.55534806148941,0.11468864714482
28,traffic,2,0.0645161290322581,3.55534806148941,7.11069612297883,0.22937729428964
28,website,1,0.032258064516129,2.4567357728213,2.4567357728213,0.0792495410587517
29,artificial,1,0.0416666666666667,3.55534806148941,3.55534806148941,0.148139502562059
29,continue,1,0.0416666666666667,2.86220088092947,2.86220088092947,0.119258370038728
29,defining,1,0.0416666666666667,3.55534806148941,3.55534806148941,0.148139502562059
29,density,1,0.0416666666666667,3.55534806148941,3.55534806148941,0.148139502562059
29,described,1,0.0416666666666667,3.55534806148941,3.55534806148941,0.148139502562059
29,function,1,0.0416666666666667,3.55534806148941,3.55534806148941,0.148139502562059
29,geometry,1,0.0416666666666667,3.55534806148941,3.55534806148941,0.148139502562059
29,i,1,0.0416666666666667,1.47590651980958,1.47590651980958,0.0614961049920657
29,input,1,0.0416666666666667,3.55534806148941,3.55534806148941,0.148139502562059
29,network,1,0.0416666666666667,3.55534806148941,3.55534806148941,0.148139502562059
29,networks,1,0.0416666666666667,2.86220088092947,2.86220088092947,0.119258370038728
29,neural,1,0.0416666666666667,2.86220088092947,2.86220088092947,0.119258370038728
29,neuron,1,0.0416666666666667,3.55534806148941,3.55534806148941,0.148139502562059
29,output,1,0.0416666666666667,3.55534806148941,3.55534806148941,0.148139502562059
29,past,1,0.0416666666666667,3.55534806148941,3.55534806148941,0.148139502562059
29,posts,1,0.0416666666666667,3.55534806148941,3.55534806148941,0.148139502562059
29,probability,1,0.0416666666666667,3.55534806148941,3.55534806148941,0.148139502562059
29,reading,1,0.0416666666666667,2.86220088092947,2.86220088092947,0.119258370038728
29,space,1,0.0416666666666667,3.55534806148941,3.55534806148941,0.148139502562059
29,thinking,1,0.0416666666666667,3.55534806148941,3.55534806148941,0.148139502562059
29,understanding,1,0.0416666666666667,3.55534806148941,3.55534806148941,0.148139502562059
29,useful,1,0.0416666666666667,3.55534806148941,3.55534806148941,0.148139502562059
29,ve,1,0.0416666666666667,3.55534806148941,3.55534806148941,0.148139502562059
29,vectors,1,0.0416666666666667,3.55534806148941,3.55534806148941,0.148139502562059
30,advertising,1,0.0333333333333333,3.55534806148941,3.55534806148941,0.118511602049647
30,challenged,1,0.0333333333333333,3.55534806148941,3.55534806148941,0.118511602049647
30,competition,1,0.0333333333333333,2.86220088092947,2.86220088092947,0.0954066960309823
30,content,2,0.0666666666666667,2.86220088092947,5.72440176185894,0.190813392061965
30,data,1,0.0333333333333333,0.722134717433197,0.722134717433197,0.0240711572477732
30,dato,1,0.0333333333333333,3.55534806148941,3.55534806148941,0.118511602049647
30,finished,1,0.0333333333333333,3.55534806148941,3.55534806148941,0.118511602049647
30,form,1,0.0333333333333333,3.55534806148941,3.55534806148941,0.118511602049647
30,given,1,0.0333333333333333,2.86220088092947,2.86220088092947,0.0954066960309823
30,html,1,0.0333333333333333,3.55534806148941,3.55534806148941,0.118511602049647
30,hustveit,1,0.0333333333333333,3.55534806148941,3.55534806148941,0.118511602049647
30,identify,1,0.0333333333333333,2.86220088092947,2.86220088092947,0.0954066960309823
30,kagglers,1,0.0333333333333333,3.55534806148941,3.55534806148941,0.118511602049647
30,morten,1,0.0333333333333333,3.55534806148941,3.55534806148941,0.118511602049647
30,native,2,0.0666666666666667,3.55534806148941,7.11069612297883,0.237023204099294
30,paid,1,0.0333333333333333,2.86220088092947,2.86220088092947,0.0954066960309823
30,place,1,0.0333333333333333,2.86220088092947,2.86220088092947,0.0954066960309823
30,previous,1,0.0333333333333333,2.86220088092947,2.86220088092947,0.0954066960309823
30,researching,1,0.0333333333333333,3.55534806148941,3.55534806148941,0.118511602049647
30,s,1,0.0333333333333333,0.990398704027877,0.990398704027877,0.0330132901342626
30,scientists,1,0.0333333333333333,2.16905370036952,2.16905370036952,0.0723017900123174
30,second,1,0.0333333333333333,2.86220088092947,2.86220088092947,0.0954066960309823
30,stumbleupon,1,0.0333333333333333,3.55534806148941,3.55534806148941,0.118511602049647
30,teams,1,0.0333333333333333,3.55534806148941,3.55534806148941,0.118511602049647
30,truly,1,0.0333333333333333,3.55534806148941,3.55534806148941,0.118511602049647
30,unpaid,1,0.0333333333333333,3.55534806148941,3.55534806148941,0.118511602049647
30,webpages,1,0.0333333333333333,3.55534806148941,3.55534806148941,0.118511602049647
30,work,1,0.0333333333333333,2.86220088092947,2.86220088092947,0.0954066960309823
31,approaches,1,0.024390243902439,3.55534806148941,3.55534806148941,0.0867158063777906
31,asset,2,0.0487804878048781,3.55534806148941,7.11069612297883,0.173431612755581
31,big,2,0.0487804878048781,2.16905370036952,4.33810740073905,0.105807497579001
31,context,1,0.024390243902439,3.55534806148941,3.55534806148941,0.0867158063777906
31,covet,1,0.024390243902439,3.55534806148941,3.55534806148941,0.0867158063777906
31,data,5,0.121951219512195,0.722134717433197,3.61067358716599,0.0880652094430729
31,different,1,0.024390243902439,2.86220088092947,2.86220088092947,0.0698097775836456
31,discrimination,1,0.024390243902439,3.55534806148941,3.55534806148941,0.0867158063777906
31,experience,1,0.024390243902439,3.55534806148941,3.55534806148941,0.0867158063777906
31,explore,1,0.024390243902439,2.86220088092947,2.86220088092947,0.0698097775836456
31,gender,1,0.024390243902439,3.55534806148941,3.55534806148941,0.0867158063777906
31,generally,1,0.024390243902439,2.86220088092947,2.86220088092947,0.0698097775836456
31,granted,1,0.024390243902439,3.55534806148941,3.55534806148941,0.0867158063777906
31,individual,1,0.024390243902439,3.55534806148941,3.55534806148941,0.0867158063777906
31,know,1,0.024390243902439,2.16905370036952,2.16905370036952,0.0529037487895006
31,knows,1,0.024390243902439,3.55534806148941,3.55534806148941,0.0867158063777906
31,looks,1,0.024390243902439,3.55534806148941,3.55534806148941,0.0867158063777906
31,quantify,1,0.024390243902439,3.55534806148941,3.55534806148941,0.0867158063777906
31,quantifying,1,0.024390243902439,3.55534806148941,3.55534806148941,0.0867158063777906
31,related,1,0.024390243902439,3.55534806148941,3.55534806148941,0.0867158063777906
31,rolodex,1,0.024390243902439,3.55534806148941,3.55534806148941,0.0867158063777906
31,s,3,0.0731707317073171,0.990398704027877,2.97119611208363,0.0724681978556983
31,salesperson,1,0.024390243902439,3.55534806148941,3.55534806148941,0.0867158063777906
31,second,1,0.024390243902439,2.86220088092947,2.86220088092947,0.0698097775836456
31,strategic,1,0.024390243902439,3.55534806148941,3.55534806148941,0.0867158063777906
31,taken,1,0.024390243902439,3.55534806148941,3.55534806148941,0.0867158063777906
31,themes,1,0.024390243902439,3.55534806148941,3.55534806148941,0.0867158063777906
31,thing,1,0.024390243902439,3.55534806148941,3.55534806148941,0.0867158063777906
31,treating,1,0.024390243902439,3.55534806148941,3.55534806148941,0.0867158063777906
31,valuable,1,0.024390243902439,3.55534806148941,3.55534806148941,0.0867158063777906
31,value,2,0.0487804878048781,3.55534806148941,7.11069612297883,0.173431612755581
31,week,1,0.024390243902439,2.4567357728213,2.4567357728213,0.0599203847029586
32,achieve,1,0.0232558139534884,3.55534806148941,3.55534806148941,0.0826825130578933
32,amp,1,0.0232558139534884,2.86220088092947,2.86220088092947,0.0665628111844062
32,blend,1,0.0232558139534884,3.55534806148941,3.55534806148941,0.0826825130578933
32,business,1,0.0232558139534884,2.16905370036952,2.16905370036952,0.0504431093109191
32,conceptually,1,0.0232558139534884,3.55534806148941,3.55534806148941,0.0826825130578933
32,creativity,1,0.0232558139534884,3.55534806148941,3.55534806148941,0.0826825130578933
32,culture,1,0.0232558139534884,3.55534806148941,3.55534806148941,0.0826825130578933
32,d,1,0.0232558139534884,3.55534806148941,3.55534806148941,0.0826825130578933
32,demographic,1,0.0232558139534884,3.55534806148941,3.55534806148941,0.0826825130578933
32,desirable,1,0.0232558139534884,3.55534806148941,3.55534806148941,0.0826825130578933
32,different,1,0.0232558139534884,2.86220088092947,2.86220088092947,0.0665628111844062
32,distinct,1,0.0232558139534884,3.55534806148941,3.55534806148941,0.0826825130578933
32,diverse,1,0.0232558139534884,3.55534806148941,3.55534806148941,0.0826825130578933
32,diversity,3,0.0697674418604651,3.55534806148941,10.6660441844682,0.24804753917368
32,effects,1,0.0232558139534884,3.55534806148941,3.55534806148941,0.0826825130578933
32,employees,1,0.0232558139534884,3.55534806148941,3.55534806148941,0.0826825130578933
32,focuses,1,0.0232558139534884,3.55534806148941,3.55534806148941,0.0826825130578933
32,groups,1,0.0232558139534884,3.55534806148941,3.55534806148941,0.0826825130578933
32,growth,1,0.0232558139534884,3.55534806148941,3.55534806148941,0.0826825130578933
32,harmony,1,0.0232558139534884,3.55534806148941,3.55534806148941,0.0826825130578933
32,i,1,0.0232558139534884,1.47590651980958,1.47590651980958,0.034323407437432
32,inclusion,2,0.0465116279069767,3.55534806148941,7.11069612297883,0.165365026115787
32,inclusive,1,0.0232558139534884,3.55534806148941,3.55534806148941,0.0826825130578933
32,innovation,1,0.0232558139534884,3.55534806148941,3.55534806148941,0.0826825130578933
32,led,1,0.0232558139534884,3.55534806148941,3.55534806148941,0.0826825130578933
32,members,1,0.0232558139534884,3.55534806148941,3.55534806148941,0.0826825130578933
32,obstacles,1,0.0232558139534884,3.55534806148941,3.55534806148941,0.0826825130578933
32,organizational,3,0.0697674418604651,3.55534806148941,10.6660441844682,0.24804753917368
32,outcomes,1,0.0232558139534884,3.55534806148941,3.55534806148941,0.0826825130578933
32,perceive,1,0.0232558139534884,3.55534806148941,3.55534806148941,0.0826825130578933
32,positive,1,0.0232558139534884,3.55534806148941,3.55534806148941,0.0826825130578933
32,practices,1,0.0232558139534884,3.55534806148941,3.55534806148941,0.0826825130578933
32,promotes,1,0.0232558139534884,3.55534806148941,3.55534806148941,0.0826825130578933
32,recognized,1,0.0232558139534884,3.55534806148941,3.55534806148941,0.0826825130578933
32,removes,1,0.0232558139534884,3.55534806148941,3.55534806148941,0.0826825130578933
32,research,1,0.0232558139534884,2.86220088092947,2.86220088092947,0.0665628111844062
32,studies,1,0.0232558139534884,3.55534806148941,3.55534806148941,0.0826825130578933
32,work,1,0.0232558139534884,2.86220088092947,2.86220088092947,0.0665628111844062
33,3,1,0.032258064516129,3.55534806148941,3.55534806148941,0.11468864714482
33,able,1,0.032258064516129,2.86220088092947,2.86220088092947,0.0923290606751441
33,alexander,1,0.032258064516129,3.55534806148941,3.55534806148941,0.11468864714482
33,bears,1,0.032258064516129,3.55534806148941,3.55534806148941,0.11468864714482
33,best,1,0.032258064516129,2.86220088092947,2.86220088092947,0.0923290606751441
33,cern,1,0.032258064516129,3.55534806148941,3.55534806148941,0.11468864714482
33,competition,1,0.032258064516129,2.86220088092947,2.86220088092947,0.0923290606751441
33,decay,1,0.032258064516129,3.55534806148941,3.55534806148941,0.11468864714482
33,establish,1,0.032258064516129,3.55534806148941,3.55534806148941,0.11468864714482
33,experiment,1,0.032258064516129,3.55534806148941,3.55534806148941,0.11468864714482
33,flavour,1,0.032258064516129,3.55534806148941,3.55534806148941,0.11468864714482
33,guschin,1,0.032258064516129,3.55534806148941,3.55534806148941,0.11468864714482
33,help,1,0.032258064516129,2.4567357728213,2.4567357728213,0.0792495410587517
33,identify,1,0.032258064516129,2.86220088092947,2.86220088092947,0.0923290606751441
33,lhcb,1,0.032258064516129,3.55534806148941,3.55534806148941,0.11468864714482
33,mironov,1,0.032258064516129,3.55534806148941,3.55534806148941,0.11468864714482
33,model,1,0.032258064516129,2.16905370036952,2.16905370036952,0.0699694742054685
33,phenomenon,1,0.032258064516129,3.55534806148941,3.55534806148941,0.11468864714482
33,physics,1,0.032258064516129,3.55534806148941,3.55534806148941,0.11468864714482
33,place,1,0.032258064516129,2.86220088092947,2.86220088092947,0.0923290606751441
33,polar,1,0.032258064516129,3.55534806148941,3.55534806148941,0.11468864714482
33,proof,1,0.032258064516129,3.55534806148941,3.55534806148941,0.11468864714482
33,rare,1,0.032258064516129,3.55534806148941,3.55534806148941,0.11468864714482
33,team,1,0.032258064516129,3.55534806148941,3.55534806148941,0.11468864714482
33,took,1,0.032258064516129,2.86220088092947,2.86220088092947,0.0923290606751441
33,vlad,1,0.032258064516129,3.55534806148941,3.55534806148941,0.11468864714482
33,,3,0.0967741935483871,3.55534806148941,10.6660441844682,0.344065941434459
33,"",2,0.0645161290322581,3.55534806148941,7.11069612297883,0.22937729428964
34,avoid,1,0.0196078431372549,3.55534806148941,3.55534806148941,0.0697127070880277
34,basis,1,0.0196078431372549,3.55534806148941,3.55534806148941,0.0697127070880277
34,best,1,0.0196078431372549,2.86220088092947,2.86220088092947,0.0561215859005778
34,building,1,0.0196078431372549,3.55534806148941,3.55534806148941,0.0697127070880277
34,business,1,0.0196078431372549,2.16905370036952,2.16905370036952,0.0425304647131279
34,businesses,1,0.0196078431372549,3.55534806148941,3.55534806148941,0.0697127070880277
34,called,1,0.0196078431372549,2.86220088092947,2.86220088092947,0.0561215859005778
34,consistent,1,0.0196078431372549,3.55534806148941,3.55534806148941,0.0697127070880277
34,correct,1,0.0196078431372549,3.55534806148941,3.55534806148941,0.0697127070880277
34,data,6,0.117647058823529,0.722134717433197,4.33280830459918,0.0849570255803762
34,day,2,0.0392156862745098,2.86220088092947,5.72440176185894,0.112243171801156
34,days,1,0.0196078431372549,2.86220088092947,2.86220088092947,0.0561215859005778
34,decisions,2,0.0392156862745098,2.86220088092947,5.72440176185894,0.112243171801156
34,defined,1,0.0196078431372549,3.55534806148941,3.55534806148941,0.0697127070880277
34,ensure,1,0.0196078431372549,3.55534806148941,3.55534806148941,0.0697127070880277
34,error,1,0.0196078431372549,3.55534806148941,3.55534806148941,0.0697127070880277
34,flow,2,0.0392156862745098,3.55534806148941,7.11069612297883,0.139425414176055
34,great,1,0.0196078431372549,2.86220088092947,2.86220088092947,0.0561215859005778
34,heavily,1,0.0196078431372549,3.55534806148941,3.55534806148941,0.0697127070880277
34,help,1,0.0196078431372549,2.4567357728213,2.4567357728213,0.0481712896631628
34,human,1,0.0196078431372549,3.55534806148941,3.55534806148941,0.0697127070880277
34,importance,1,0.0196078431372549,2.86220088092947,2.86220088092947,0.0561215859005778
34,important,1,0.0196078431372549,2.4567357728213,2.4567357728213,0.0481712896631628
34,informed,1,0.0196078431372549,3.55534806148941,3.55534806148941,0.0697127070880277
34,logical,1,0.0196078431372549,3.55534806148941,3.55534806148941,0.0697127070880277
34,make,2,0.0392156862745098,2.86220088092947,5.72440176185894,0.112243171801156
34,model,1,0.0196078431372549,2.16905370036952,2.16905370036952,0.0425304647131279
34,modelling,1,0.0196078431372549,3.55534806148941,3.55534806148941,0.0697127070880277
34,need,1,0.0196078431372549,2.86220088092947,2.86220088092947,0.0561215859005778
34,physical,1,0.0196078431372549,3.55534806148941,3.55534806148941,0.0697127070880277
34,process,2,0.0392156862745098,3.55534806148941,7.11069612297883,0.139425414176055
34,quick,1,0.0196078431372549,3.55534806148941,3.55534806148941,0.0697127070880277
34,relationships,1,0.0196078431372549,2.86220088092947,2.86220088092947,0.0561215859005778
34,rely,1,0.0196078431372549,2.86220088092947,2.86220088092947,0.0561215859005778
34,results,1,0.0196078431372549,2.86220088092947,2.86220088092947,0.0561215859005778
34,software,1,0.0196078431372549,3.55534806148941,3.55534806148941,0.0697127070880277
34,specialised,1,0.0196078431372549,3.55534806148941,3.55534806148941,0.0697127070880277
34,speed,1,0.0196078431372549,2.86220088092947,2.86220088092947,0.0561215859005778
34,structured,1,0.0196078431372549,2.86220088092947,2.86220088092947,0.0561215859005778
34,used,1,0.0196078431372549,2.86220088092947,2.86220088092947,0.0561215859005778
34,users,1,0.0196078431372549,3.55534806148941,3.55534806148941,0.0697127070880277
35,applicants,1,0.0526315789473684,3.55534806148941,3.55534806148941,0.187123582183653
35,big,1,0.0526315789473684,2.16905370036952,2.16905370036952,0.11416072107208
35,chances,1,0.0526315789473684,3.55534806148941,3.55534806148941,0.187123582183653
35,data,1,0.0526315789473684,0.722134717433197,0.722134717433197,0.0380070903912209
35,decide,1,0.0526315789473684,3.55534806148941,3.55534806148941,0.187123582183653
35,fact,1,0.0526315789473684,3.55534806148941,3.55534806148941,0.187123582183653
35,field,1,0.0526315789473684,3.55534806148941,3.55534806148941,0.187123582183653
35,good,1,0.0526315789473684,2.86220088092947,2.86220088092947,0.150642151627867
35,having,1,0.0526315789473684,3.55534806148941,3.55534806148941,0.187123582183653
35,job,1,0.0526315789473684,3.55534806148941,3.55534806148941,0.187123582183653
35,jobs,2,0.105263157894737,3.55534806148941,7.11069612297883,0.374247164367307
35,looking,1,0.0526315789473684,2.86220088092947,2.86220088092947,0.150642151627867
35,overwhelmed,1,0.0526315789473684,3.55534806148941,3.55534806148941,0.187123582183653
35,playing,1,0.0526315789473684,3.55534806148941,3.55534806148941,0.187123582183653
35,problem,1,0.0526315789473684,2.4567357728213,2.4567357728213,0.129301882780069
35,sure,1,0.0526315789473684,3.55534806148941,3.55534806148941,0.187123582183653
35,wide,1,0.0526315789473684,3.55534806148941,3.55534806148941,0.187123582183653
35,world,1,0.0526315789473684,3.55534806148941,3.55534806148941,0.187123582183653
36,analyses,1,0.0454545454545455,3.55534806148941,3.55534806148941,0.161606730067701
36,coming,1,0.0454545454545455,3.55534806148941,3.55534806148941,0.161606730067701
36,dygraph,1,0.0454545454545455,3.55534806148941,3.55534806148941,0.161606730067701
36,exploratory,1,0.0454545454545455,3.55534806148941,3.55534806148941,0.161606730067701
36,great,1,0.0454545454545455,2.86220088092947,2.86220088092947,0.130100040042249
36,highlight,1,0.0454545454545455,3.55534806148941,3.55534806148941,0.161606730067701
36,important,1,0.0454545454545455,2.4567357728213,2.4567357728213,0.111669807855514
36,interactive,1,0.0454545454545455,3.55534806148941,3.55534806148941,0.161606730067701
36,julia,1,0.0454545454545455,2.86220088092947,2.86220088092947,0.130100040042249
36,language,1,0.0454545454545455,2.86220088092947,2.86220088092947,0.130100040042249
36,method,1,0.0454545454545455,3.55534806148941,3.55534806148941,0.161606730067701
36,october,1,0.0454545454545455,3.55534806148941,3.55534806148941,0.161606730067701
36,power,1,0.0454545454545455,3.55534806148941,3.55534806148941,0.161606730067701
36,s,1,0.0454545454545455,0.990398704027877,0.990398704027877,0.045018122910358
36,scripts,1,0.0454545454545455,3.55534806148941,3.55534806148941,0.161606730067701
36,share,1,0.0454545454545455,3.55534806148941,3.55534806148941,0.161606730067701
36,started,1,0.0454545454545455,3.55534806148941,3.55534806148941,0.161606730067701
36,template,1,0.0454545454545455,3.55534806148941,3.55534806148941,0.161606730067701
36,visualizations,1,0.0454545454545455,3.55534806148941,3.55534806148941,0.161606730067701
36,walk,1,0.0454545454545455,3.55534806148941,3.55534806148941,0.161606730067701
36,week,1,0.0454545454545455,2.4567357728213,2.4567357728213,0.111669807855514
36,xgboost,1,0.0454545454545455,3.55534806148941,3.55534806148941,0.161606730067701
37,academia,2,0.0487804878048781,3.55534806148941,7.11069612297883,0.173431612755581
37,allow,1,0.024390243902439,3.55534806148941,3.55534806148941,0.0867158063777906
37,benefits,1,0.024390243902439,3.55534806148941,3.55534806148941,0.0867158063777906
37,berkeley,1,0.024390243902439,3.55534806148941,3.55534806148941,0.0867158063777906
37,broockmann,1,0.024390243902439,3.55534806148941,3.55534806148941,0.0867158063777906
37,business,1,0.024390243902439,2.16905370036952,2.16905370036952,0.0529037487895006
37,collaborations,2,0.0487804878048781,3.55534806148941,7.11069612297883,0.173431612755581
37,collaborative,1,0.024390243902439,3.55534806148941,3.55534806148941,0.0867158063777906
37,contribute,1,0.024390243902439,3.55534806148941,3.55534806148941,0.0867158063777906
37,david,1,0.024390243902439,3.55534806148941,3.55534806148941,0.0867158063777906
37,does,1,0.024390243902439,3.55534806148941,3.55534806148941,0.0867158063777906
37,efforts,1,0.024390243902439,3.55534806148941,3.55534806148941,0.0867158063777906
37,environment,1,0.024390243902439,3.55534806148941,3.55534806148941,0.0867158063777906
37,expert,1,0.024390243902439,2.86220088092947,2.86220088092947,0.0698097775836456
37,expertise,1,0.024390243902439,3.55534806148941,3.55534806148941,0.0867158063777906
37,experts,1,0.024390243902439,3.55534806148941,3.55534806148941,0.0867158063777906
37,generally,1,0.024390243902439,2.86220088092947,2.86220088092947,0.0698097775836456
37,graduate,1,0.024390243902439,3.55534806148941,3.55534806148941,0.0867158063777906
37,happen,1,0.024390243902439,3.55534806148941,3.55534806148941,0.0867158063777906
37,industry,1,0.024390243902439,2.4567357728213,2.4567357728213,0.0599203847029586
37,intra,1,0.024390243902439,3.55534806148941,3.55534806148941,0.0867158063777906
37,mistakes,1,0.024390243902439,3.55534806148941,3.55534806148941,0.0867158063777906
37,mural,1,0.024390243902439,3.55534806148941,3.55534806148941,0.0867158063777906
37,political,1,0.024390243902439,3.55534806148941,3.55534806148941,0.0867158063777906
37,research,2,0.0487804878048781,2.86220088092947,5.72440176185894,0.139619555167291
37,science,1,0.024390243902439,1.76358859226136,1.76358859226136,0.0430143559088136
37,settings,1,0.024390243902439,3.55534806148941,3.55534806148941,0.0867158063777906
37,shortage,1,0.024390243902439,3.55534806148941,3.55534806148941,0.0867158063777906
37,small,1,0.024390243902439,3.55534806148941,3.55534806148941,0.0867158063777906
37,structured,1,0.024390243902439,2.86220088092947,2.86220088092947,0.0698097775836456
37,student,1,0.024390243902439,3.55534806148941,3.55534806148941,0.0867158063777906
37,succeed,1,0.024390243902439,3.55534806148941,3.55534806148941,0.0867158063777906
37,suffer,1,0.024390243902439,3.55534806148941,3.55534806148941,0.0867158063777906
37,uc,1,0.024390243902439,3.55534806148941,3.55534806148941,0.0867158063777906
37,universities,1,0.024390243902439,3.55534806148941,3.55534806148941,0.0867158063777906
37,university,1,0.024390243902439,2.86220088092947,2.86220088092947,0.0698097775836456
37,unlike,1,0.024390243902439,3.55534806148941,3.55534806148941,0.0867158063777906
37,various,1,0.024390243902439,3.55534806148941,3.55534806148941,0.0867158063777906
38,able,1,0.0285714285714286,2.86220088092947,2.86220088092947,0.0817771680265562
38,accuracy,1,0.0285714285714286,3.55534806148941,3.55534806148941,0.101581373185412
38,assuming,1,0.0285714285714286,3.55534806148941,3.55534806148941,0.101581373185412
38,channels,1,0.0285714285714286,3.55534806148941,3.55534806148941,0.101581373185412
38,customer,1,0.0285714285714286,2.16905370036952,2.16905370036952,0.0619729628677007
38,doesn,1,0.0285714285714286,3.55534806148941,3.55534806148941,0.101581373185412
38,exact,1,0.0285714285714286,3.55534806148941,3.55534806148941,0.101581373185412
38,exist,1,0.0285714285714286,3.55534806148941,3.55534806148941,0.101581373185412
38,feeling,1,0.0285714285714286,3.55534806148941,3.55534806148941,0.101581373185412
38,frustrated,1,0.0285714285714286,3.55534806148941,3.55534806148941,0.101581373185412
38,giving,1,0.0285714285714286,3.55534806148941,3.55534806148941,0.101581373185412
38,google,1,0.0285714285714286,1.94591014905531,1.94591014905531,0.0555974328301518
38,item,1,0.0285714285714286,3.55534806148941,3.55534806148941,0.101581373185412
38,just,1,0.0285714285714286,3.55534806148941,3.55534806148941,0.101581373185412
38,keyword,1,0.0285714285714286,3.55534806148941,3.55534806148941,0.101581373185412
38,leaving,1,0.0285714285714286,3.55534806148941,3.55534806148941,0.101581373185412
38,like,1,0.0285714285714286,2.86220088092947,2.86220088092947,0.0817771680265562
38,looking,2,0.0571428571428571,2.86220088092947,5.72440176185894,0.163554336053112
38,order,1,0.0285714285714286,3.55534806148941,3.55534806148941,0.101581373185412
38,resulting,1,0.0285714285714286,3.55534806148941,3.55534806148941,0.101581373185412
38,results,2,0.0571428571428571,2.86220088092947,5.72440176185894,0.163554336053112
38,return,1,0.0285714285714286,3.55534806148941,3.55534806148941,0.101581373185412
38,s,1,0.0285714285714286,0.990398704027877,0.990398704027877,0.0282971058293679
38,search,3,0.0857142857142857,2.4567357728213,7.37020731846391,0.210577351956112
38,site,2,0.0571428571428571,2.86220088092947,5.72440176185894,0.163554336053112
38,t,1,0.0285714285714286,1.94591014905531,1.94591014905531,0.0555974328301518
38,tried,1,0.0285714285714286,3.55534806148941,3.55534806148941,0.101581373185412
38,unsatisfied,1,0.0285714285714286,3.55534806148941,3.55534806148941,0.101581373185412
38,website,1,0.0285714285714286,2.4567357728213,2.4567357728213,0.0701924506520372
38,worse,1,0.0285714285714286,3.55534806148941,3.55534806148941,0.101581373185412
